Frodó;2
Corenis;4
Írisz;1
Bobby;2
Boti;5
Jeny;2
Benni;2
Mexx;1
Misszi;4
Pacsi;2
Cody;4
Chanel;2
Mázly;4
Szofi;6
Jessy;2
Dini;1
Rupert;1
Mia;1
Kávé;3
Cimi;3
Gray;4
Nessi;4
Joky;2
Lüki;4
Deni;2
Kody;3
Gino;5
Trendy;4
Kokó;5
Bamboo;2
Huncut;3
Gólem;4
Buli;3
Topi;4
Vackor;3
Lia;3
Blackie;5
Napóleon;3
Breien;5
Tigi;5
Dzsina;2
Disney;2
Bento;2
Polka;2
Conen;3
Goldy;4
Jolly;2
Dexter;4
Huncutka;1
Netty;1
Gibby;1
Rómeó;2
Izabella;2
Golyó;5
Marco Polo;4
Tekla;4
Frosty;2
Vadóc;3
Csocso;4
Szimba;3
Domino;2
Sofi;4
Letty;5
Zafira;1
Tiffany;3
Lilike;2
Amanda;1
Bobó;1
Réka;4
Ali;1
Tapancs;2
Mikey;5
Jaffa;2
Dzseni;4
Jasper;2
Kipper;1
Chili;4
Zolika;1
Google;4
Houdini;1
Cipő;3
Zozi;2
Babuka;2
Dave;2
Lilus;5
Castor;3
Bosco;1
Junior;1
Kukuc;3
Murphy;5
Dennis;6
Vesta;1
Casper;2
Madox;5
Nono;1
Jin;4
Teo;4
Timba;2
Steffi;1
Eric;2
Zira;3
Panka;5
Snoopy;3
Lüszi;4
Bajusz;3
Szaffi;1
Golfi;2
Kinder;3
Gringó;3
Cleo;3
Kitty;2
Dodó;3
Lőlik;2
Watson;2
Royal;2
Hector;1
Patent;3
Barnabás;3
Jhony;3
Nocsi;1
Dzseki;3
Rézi;4
Tuco;1
Mozart;2
Donáld;2
Zefír;1
Akina;3
Milou;2
Tisza;2
Sanci;2
Coctail;2
Zsebike;1
Bó;1
Hepi;6
Audrey;3
Csabesz;3
Harcos;2
Bonnei;1
Carrie;1
Dzsuli;4
Cyri;3
Castro;3
Titok;4
Plüsi;1
Bono;5
Tapi;2
Etnis;3
Josy;2
Bandita;3
Berci;5
Krona;2
Touluse;1
Luxi;1
Tequila;1
Csele;3
Csibész;2
Kiwi;2
Lexi;1
Charlie;2
Eminem;1
Móric;3
Mary;2
Betyár;1
Isi;3
Bartók;2
Whisky;2
Botond;1
Börni;2
Stefi;5
Ziva;1
Blecky;1
Party;1
Santos;3
Bronzó;1
Asterix;3
Saidka;3
Jago;3
Spyke;2
Zina;1
Emi;1
Sol;2
Manitu;2
Bingó;1
Kamino;2
Edu;1
Wifi;1
Blacky;1
Kenny;3
Tacsi;3
Lizzy;1
Deny;2
April;2
Hópihe;1
Eron;3
Mandi;3
Csöpi;2
Rikiki;2
Jyl;1
Goldie;2
Sziszike;3
Kety;2
Otisz;2
Tekila;3
Roti;2
Akira;2
Denisz;4
Jakie;2
Mexi;1
Zoya;2
Bojti;2
Zoey;2
Bony;2
Naga;4
Bebe;1
Vacak;1
Ricsi;1
Killer;1
Deb;2
Blöki;1
Brutus;2
Fifu;4
Pimasz;3
Csiri;1
Porti;1
Zorro;2
Cooper;1
Sammy;1
Gizi;3
Bogi;1
Zoli;2
Johnny;1
Mexy;1
Lucky;1
Dzsángó;1
Lolli;1
Alex;1
Rafi;1
Timon;1
Lizy;1
Boxos;1
Benji;1
Liló;2
Sábi;1
Zafír;2
Leon;1
Boris;1
Fidó;1
Macifül;1
Connor;1
Filo;1
Scooby;1
Joker;1
Denny;1
Hannibál;1
Sally;1
